[{
  "_id": {
    "$oid": "6523f504caeadcd818561fb3"
  },
  "name": "24/7 Support",
  "description": "Dedicated Support",
  "img": "https://cdn-icons-png.flaticon.com/512/16/16588.png",
  "createdAt": {
    "$date": "2023-09-20T17:17:56.893Z"
  },
  "updatedAt": {
    "$date": "2023-09-20T17:17:56.893Z"
  }
},
{
  "_id": {
    "$oid": "6523f504caeadcd818561fb2"
  },
  "name": "Secure Payment",
  "description": "100% Secure Payment",
  "img": "https://cdn-icons-png.flaticon.com/512/6993/6993594.png",
  "createdAt": {
    "$date": "2023-09-20T17:17:56.893Z"
  },
  "updatedAt": {
    "$date": "2023-09-20T17:17:56.893Z"
  }
},
{
  "_id": {
    "$oid": "6523f504caeadcd818561fb0"
  },
  "name": "Free Delivery",
  "description": "For All Orders Over $99",
  "img": "https://cdn1.iconfinder.com/data/icons/e-commerce-338/32/shipping_free-512.png",
  "createdAt": {
    "$date": "2023-09-20T17:17:56.893Z"
  },
  "updatedAt": {
    "$date": "2023-09-20T17:17:56.893Z"
  }
},
{
  "_id": {
    "$oid": "6523f504caeadcd818561fb1"
  },
  "name": "90 Days Return",
  "description": "If goods have problem",
  "img": "https://thumbs.dreamstime.com/b/days-money-back-warranty-icon-vector-graphic-design-logo-website-social-media-mobile-app-ui-illustration-days-money-back-229806945.jpg",
  "createdAt": {
    "$date": "2023-09-20T17:17:56.893Z"
  },
  "updatedAt": {
    "$date": "2023-09-20T17:17:56.893Z"
  }
}]