[{
  "_id": {
    "$oid": "653bafe00f61bbc9d3d263ca"
  },
  "img1": "https://photo.teamrabbil.com/images/2023/10/08/7.jpeg",
  "img2": "https://photo.teamrabbil.com/images/2023/10/08/scaled.jpeg",
  "img3": "https://photo.teamrabbil.com/images/2023/10/08/scaled.jpeg",
  "img4": "https://photo.teamrabbil.com/images/2023/10/08/scaled.jpeg",
  "img5": "https://photo.teamrabbil.com/images/2023/10/08/scaled.jpeg",
  "img6": "https://photo.teamrabbil.com/images/2023/10/08/scaled.jpeg",
  "img7": "https://photo.teamrabbil.com/images/2023/10/08/scaled.jpeg",
  "img8": "https://photo.teamrabbil.com/images/2023/10/08/scaled.jpeg",
  "des": "<p>&nbsp;</p>\n<p><strong>Processor</strong></p>\n<table class=\"data-table flex-table\" style=\"height: 133px;\" border=\"0.5\" width=\"554\" cellspacing=\"0\" cellpadding=\"0\">\n<tbody>\n<tr>\n<td class=\"name\" style=\"width: 328.283px;\">Processor Brand</td>\n<td class=\"value\" style=\"width: 225.717px;\">Apple</td>\n</tr>\n<tr>\n<td class=\"name\" style=\"width: 328.283px;\">Processor Model</td>\n<td class=\"value\" style=\"width: 225.717px;\">M1 chip</td>\n</tr>\n<tr>\n<td class=\"name\" style=\"width: 328.283px;\">Processor Frequency</td>\n<td class=\"value\" style=\"width: 225.717px;\">2.06 - 3.8GHz</td>\n</tr>\n<tr>\n<td class=\"name\" style=\"width: 328.283px;\">Processor Core</td>\n<td class=\"value\" style=\"width: 225.717px;\">8</td>\n</tr>\n<tr>\n<td class=\"name\" style=\"width: 328.283px;\">Processor Thread</td>\n<td class=\"value\" style=\"width: 225.717px;\">8</td>\n</tr>\n<tr>\n<td class=\"name\" style=\"width: 328.283px;\">CPU Cache</td>\n<td class=\"value\" style=\"width: 225.717px;\">16 MB</td>\n</tr>\n</tbody>\n</table>\n<p><strong>Display</strong></p>\n<table class=\"data-table flex-table\" style=\"height: 123px;\" border=\"0.5\" width=\"600\" cellspacing=\"0\" cellpadding=\"0\">\n<tbody>\n<tr>\n<td class=\"name\" style=\"width: 130.983px;\">Display Size</td>\n<td class=\"value\" style=\"width: 469.017px;\">13.3-inch</td>\n</tr>\n<tr>\n<td class=\"name\" style=\"width: 130.983px;\">Display Type</td>\n<td class=\"value\" style=\"width: 469.017px;\">Retina display with IPS technology</td>\n</tr>\n<tr>\n<td class=\"name\" style=\"width: 130.983px;\">Display Resolution</td>\n<td class=\"value\" style=\"width: 469.017px;\">2560 X 1600</td>\n</tr>\n<tr>\n<td class=\"name\" style=\"width: 130.983px;\">Touch Screen</td>\n<td class=\"value\" style=\"width: 469.017px;\">No</td>\n</tr>\n<tr>\n<td class=\"name\" style=\"width: 130.983px;\">Display Features</td>\n<td class=\"value\" style=\"width: 469.017px;\">LED-backlit; 227 pixels per inch with support for millions of colors</td>\n</tr>\n</tbody>\n</table>\n<p><strong>Memory</strong></p>\n<table class=\"data-table flex-table\" style=\"height: 59px;\" border=\"0.5\" width=\"391\" cellspacing=\"0\" cellpadding=\"0\">\n<tbody>\n<tr>\n<td class=\"name\" style=\"width: 159.367px;\">RAM</td>\n<td class=\"value\" style=\"width: 231.633px;\">8GB</td>\n</tr>\n<tr>\n<td class=\"name\" style=\"width: 159.367px;\">RAM Type</td>\n<td class=\"value\" style=\"width: 231.633px;\">Unified memory</td>\n</tr>\n<tr>\n<td class=\"name\" style=\"width: 159.367px;\">Removable</td>\n<td class=\"value\" style=\"width: 231.633px;\">No</td>\n</tr>\n</tbody>\n</table>",
  "color": "Red,Black,Blue",
  "size": "13,14,17",
  "productID": {
    "$oid": "654dbf25abda0c85053c9902"
  },
  "createdAt": {
    "$date": "2023-09-20T17:17:56.893Z"
  },
  "updatedAt": {
    "$date": "2023-09-20T17:17:56.893Z"
  }
},
{
  "_id": {
    "$oid": "65d1aeef6c05aa9a79a868a4"
  },
  "img1": "https://photo.teamrabbil.com/images/2023/10/08/7.jpeg",
  "img2": "https://photo.teamrabbil.com/images/2023/10/08/scaled.jpeg",
  "img3": "https://photo.teamrabbil.com/images/2023/10/08/scaled.jpeg",
  "img4": "https://photo.teamrabbil.com/images/2023/10/08/scaled.jpeg",
  "img5": "https://photo.teamrabbil.com/images/2023/10/08/scaled.jpeg",
  "img6": "https://photo.teamrabbil.com/images/2023/10/08/scaled.jpeg",
  "img7": "https://photo.teamrabbil.com/images/2023/10/08/scaled.jpeg",
  "img8": "https://photo.teamrabbil.com/images/2023/10/08/scaled.jpeg",
  "des": "<p>&nbsp;</p>\n<p><strong>Processor</strong></p>\n<table class=\"data-table flex-table\" style=\"height: 133px;\" border=\"0.5\" width=\"554\" cellspacing=\"0\" cellpadding=\"0\">\n<tbody>\n<tr>\n<td class=\"name\" style=\"width: 328.283px;\">Processor Brand</td>\n<td class=\"value\" style=\"width: 225.717px;\">Apple</td>\n</tr>\n<tr>\n<td class=\"name\" style=\"width: 328.283px;\">Processor Model</td>\n<td class=\"value\" style=\"width: 225.717px;\">M1 chip</td>\n</tr>\n<tr>\n<td class=\"name\" style=\"width: 328.283px;\">Processor Frequency</td>\n<td class=\"value\" style=\"width: 225.717px;\">2.06 - 3.8GHz</td>\n</tr>\n<tr>\n<td class=\"name\" style=\"width: 328.283px;\">Processor Core</td>\n<td class=\"value\" style=\"width: 225.717px;\">8</td>\n</tr>\n<tr>\n<td class=\"name\" style=\"width: 328.283px;\">Processor Thread</td>\n<td class=\"value\" style=\"width: 225.717px;\">8</td>\n</tr>\n<tr>\n<td class=\"name\" style=\"width: 328.283px;\">CPU Cache</td>\n<td class=\"value\" style=\"width: 225.717px;\">16 MB</td>\n</tr>\n</tbody>\n</table>\n<p><strong>Display</strong></p>\n<table class=\"data-table flex-table\" style=\"height: 123px;\" border=\"0.5\" width=\"600\" cellspacing=\"0\" cellpadding=\"0\">\n<tbody>\n<tr>\n<td class=\"name\" style=\"width: 130.983px;\">Display Size</td>\n<td class=\"value\" style=\"width: 469.017px;\">13.3-inch</td>\n</tr>\n<tr>\n<td class=\"name\" style=\"width: 130.983px;\">Display Type</td>\n<td class=\"value\" style=\"width: 469.017px;\">Retina display with IPS technology</td>\n</tr>\n<tr>\n<td class=\"name\" style=\"width: 130.983px;\">Display Resolution</td>\n<td class=\"value\" style=\"width: 469.017px;\">2560 X 1600</td>\n</tr>\n<tr>\n<td class=\"name\" style=\"width: 130.983px;\">Touch Screen</td>\n<td class=\"value\" style=\"width: 469.017px;\">No</td>\n</tr>\n<tr>\n<td class=\"name\" style=\"width: 130.983px;\">Display Features</td>\n<td class=\"value\" style=\"width: 469.017px;\">LED-backlit; 227 pixels per inch with support for millions of colors</td>\n</tr>\n</tbody>\n</table>\n<p><strong>Memory</strong></p>\n<table class=\"data-table flex-table\" style=\"height: 59px;\" border=\"0.5\" width=\"391\" cellspacing=\"0\" cellpadding=\"0\">\n<tbody>\n<tr>\n<td class=\"name\" style=\"width: 159.367px;\">RAM</td>\n<td class=\"value\" style=\"width: 231.633px;\">8GB</td>\n</tr>\n<tr>\n<td class=\"name\" style=\"width: 159.367px;\">RAM Type</td>\n<td class=\"value\" style=\"width: 231.633px;\">Unified memory</td>\n</tr>\n<tr>\n<td class=\"name\" style=\"width: 159.367px;\">Removable</td>\n<td class=\"value\" style=\"width: 231.633px;\">No</td>\n</tr>\n</tbody>\n</table>",
  "color": "Red,Black,Blue",
  "size": "13,14,17",
  "productID": {
    "$oid": "64f8ba608fcc62fe3de37a2e"
  },
  "createdAt": {
    "$date": "2023-09-20T17:17:56.893Z"
  },
  "updatedAt": {
    "$date": "2023-09-20T17:17:56.893Z"
  }
},
{
  "_id": {
    "$oid": "65d1aef96c05aa9a79a868a5"
  },
  "img1": "https://photo.teamrabbil.com/images/2023/10/08/7.jpeg",
  "img2": "https://photo.teamrabbil.com/images/2023/10/08/scaled.jpeg",
  "img3": "https://photo.teamrabbil.com/images/2023/10/08/scaled.jpeg",
  "img4": "https://photo.teamrabbil.com/images/2023/10/08/scaled.jpeg",
  "img5": "https://photo.teamrabbil.com/images/2023/10/08/scaled.jpeg",
  "img6": "https://photo.teamrabbil.com/images/2023/10/08/scaled.jpeg",
  "img7": "https://photo.teamrabbil.com/images/2023/10/08/scaled.jpeg",
  "img8": "https://photo.teamrabbil.com/images/2023/10/08/scaled.jpeg",
  "des": "<p>&nbsp;</p>\n<p><strong>Processor</strong></p>\n<table class=\"data-table flex-table\" style=\"height: 133px;\" border=\"0.5\" width=\"554\" cellspacing=\"0\" cellpadding=\"0\">\n<tbody>\n<tr>\n<td class=\"name\" style=\"width: 328.283px;\">Processor Brand</td>\n<td class=\"value\" style=\"width: 225.717px;\">Apple</td>\n</tr>\n<tr>\n<td class=\"name\" style=\"width: 328.283px;\">Processor Model</td>\n<td class=\"value\" style=\"width: 225.717px;\">M1 chip</td>\n</tr>\n<tr>\n<td class=\"name\" style=\"width: 328.283px;\">Processor Frequency</td>\n<td class=\"value\" style=\"width: 225.717px;\">2.06 - 3.8GHz</td>\n</tr>\n<tr>\n<td class=\"name\" style=\"width: 328.283px;\">Processor Core</td>\n<td class=\"value\" style=\"width: 225.717px;\">8</td>\n</tr>\n<tr>\n<td class=\"name\" style=\"width: 328.283px;\">Processor Thread</td>\n<td class=\"value\" style=\"width: 225.717px;\">8</td>\n</tr>\n<tr>\n<td class=\"name\" style=\"width: 328.283px;\">CPU Cache</td>\n<td class=\"value\" style=\"width: 225.717px;\">16 MB</td>\n</tr>\n</tbody>\n</table>\n<p><strong>Display</strong></p>\n<table class=\"data-table flex-table\" style=\"height: 123px;\" border=\"0.5\" width=\"600\" cellspacing=\"0\" cellpadding=\"0\">\n<tbody>\n<tr>\n<td class=\"name\" style=\"width: 130.983px;\">Display Size</td>\n<td class=\"value\" style=\"width: 469.017px;\">13.3-inch</td>\n</tr>\n<tr>\n<td class=\"name\" style=\"width: 130.983px;\">Display Type</td>\n<td class=\"value\" style=\"width: 469.017px;\">Retina display with IPS technology</td>\n</tr>\n<tr>\n<td class=\"name\" style=\"width: 130.983px;\">Display Resolution</td>\n<td class=\"value\" style=\"width: 469.017px;\">2560 X 1600</td>\n</tr>\n<tr>\n<td class=\"name\" style=\"width: 130.983px;\">Touch Screen</td>\n<td class=\"value\" style=\"width: 469.017px;\">No</td>\n</tr>\n<tr>\n<td class=\"name\" style=\"width: 130.983px;\">Display Features</td>\n<td class=\"value\" style=\"width: 469.017px;\">LED-backlit; 227 pixels per inch with support for millions of colors</td>\n</tr>\n</tbody>\n</table>\n<p><strong>Memory</strong></p>\n<table class=\"data-table flex-table\" style=\"height: 59px;\" border=\"0.5\" width=\"391\" cellspacing=\"0\" cellpadding=\"0\">\n<tbody>\n<tr>\n<td class=\"name\" style=\"width: 159.367px;\">RAM</td>\n<td class=\"value\" style=\"width: 231.633px;\">8GB</td>\n</tr>\n<tr>\n<td class=\"name\" style=\"width: 159.367px;\">RAM Type</td>\n<td class=\"value\" style=\"width: 231.633px;\">Unified memory</td>\n</tr>\n<tr>\n<td class=\"name\" style=\"width: 159.367px;\">Removable</td>\n<td class=\"value\" style=\"width: 231.633px;\">No</td>\n</tr>\n</tbody>\n</table>",
  "color": "Red,Black,Blue",
  "size": "13,14,17",
  "productID": {
    "$oid": "654dbf2eabda0c85053c9907"
  },
  "createdAt": {
    "$date": "2023-09-20T17:17:56.893Z"
  },
  "updatedAt": {
    "$date": "2023-09-20T17:17:56.893Z"
  }
},
{
  "_id": {
    "$oid": "65d1af046c05aa9a79a868a6"
  },
  "img1": "https://photo.teamrabbil.com/images/2023/10/08/7.jpeg",
  "img2": "https://photo.teamrabbil.com/images/2023/10/08/scaled.jpeg",
  "img3": "https://photo.teamrabbil.com/images/2023/10/08/scaled.jpeg",
  "img4": "https://photo.teamrabbil.com/images/2023/10/08/scaled.jpeg",
  "img5": "https://photo.teamrabbil.com/images/2023/10/08/scaled.jpeg",
  "img6": "https://photo.teamrabbil.com/images/2023/10/08/scaled.jpeg",
  "img7": "https://photo.teamrabbil.com/images/2023/10/08/scaled.jpeg",
  "img8": "https://photo.teamrabbil.com/images/2023/10/08/scaled.jpeg",
  "des": "<p>&nbsp;</p>\n<p><strong>Processor</strong></p>\n<table class=\"data-table flex-table\" style=\"height: 133px;\" border=\"0.5\" width=\"554\" cellspacing=\"0\" cellpadding=\"0\">\n<tbody>\n<tr>\n<td class=\"name\" style=\"width: 328.283px;\">Processor Brand</td>\n<td class=\"value\" style=\"width: 225.717px;\">Apple</td>\n</tr>\n<tr>\n<td class=\"name\" style=\"width: 328.283px;\">Processor Model</td>\n<td class=\"value\" style=\"width: 225.717px;\">M1 chip</td>\n</tr>\n<tr>\n<td class=\"name\" style=\"width: 328.283px;\">Processor Frequency</td>\n<td class=\"value\" style=\"width: 225.717px;\">2.06 - 3.8GHz</td>\n</tr>\n<tr>\n<td class=\"name\" style=\"width: 328.283px;\">Processor Core</td>\n<td class=\"value\" style=\"width: 225.717px;\">8</td>\n</tr>\n<tr>\n<td class=\"name\" style=\"width: 328.283px;\">Processor Thread</td>\n<td class=\"value\" style=\"width: 225.717px;\">8</td>\n</tr>\n<tr>\n<td class=\"name\" style=\"width: 328.283px;\">CPU Cache</td>\n<td class=\"value\" style=\"width: 225.717px;\">16 MB</td>\n</tr>\n</tbody>\n</table>\n<p><strong>Display</strong></p>\n<table class=\"data-table flex-table\" style=\"height: 123px;\" border=\"0.5\" width=\"600\" cellspacing=\"0\" cellpadding=\"0\">\n<tbody>\n<tr>\n<td class=\"name\" style=\"width: 130.983px;\">Display Size</td>\n<td class=\"value\" style=\"width: 469.017px;\">13.3-inch</td>\n</tr>\n<tr>\n<td class=\"name\" style=\"width: 130.983px;\">Display Type</td>\n<td class=\"value\" style=\"width: 469.017px;\">Retina display with IPS technology</td>\n</tr>\n<tr>\n<td class=\"name\" style=\"width: 130.983px;\">Display Resolution</td>\n<td class=\"value\" style=\"width: 469.017px;\">2560 X 1600</td>\n</tr>\n<tr>\n<td class=\"name\" style=\"width: 130.983px;\">Touch Screen</td>\n<td class=\"value\" style=\"width: 469.017px;\">No</td>\n</tr>\n<tr>\n<td class=\"name\" style=\"width: 130.983px;\">Display Features</td>\n<td class=\"value\" style=\"width: 469.017px;\">LED-backlit; 227 pixels per inch with support for millions of colors</td>\n</tr>\n</tbody>\n</table>\n<p><strong>Memory</strong></p>\n<table class=\"data-table flex-table\" style=\"height: 59px;\" border=\"0.5\" width=\"391\" cellspacing=\"0\" cellpadding=\"0\">\n<tbody>\n<tr>\n<td class=\"name\" style=\"width: 159.367px;\">RAM</td>\n<td class=\"value\" style=\"width: 231.633px;\">8GB</td>\n</tr>\n<tr>\n<td class=\"name\" style=\"width: 159.367px;\">RAM Type</td>\n<td class=\"value\" style=\"width: 231.633px;\">Unified memory</td>\n</tr>\n<tr>\n<td class=\"name\" style=\"width: 159.367px;\">Removable</td>\n<td class=\"value\" style=\"width: 231.633px;\">No</td>\n</tr>\n</tbody>\n</table>",
  "color": "Red,Black,Blue",
  "size": "13,14,17",
  "productID": {
    "$oid": "64f87d60502e1b80556da15a"
  },
  "createdAt": {
    "$date": "2023-09-20T17:17:56.893Z"
  },
  "updatedAt": {
    "$date": "2023-09-20T17:17:56.893Z"
  }
},
{
  "_id": {
    "$oid": "65d1af0f6c05aa9a79a868a7"
  },
  "img1": "https://photo.teamrabbil.com/images/2023/10/08/7.jpeg",
  "img2": "https://photo.teamrabbil.com/images/2023/10/08/scaled.jpeg",
  "img3": "https://photo.teamrabbil.com/images/2023/10/08/scaled.jpeg",
  "img4": "https://photo.teamrabbil.com/images/2023/10/08/scaled.jpeg",
  "img5": "https://photo.teamrabbil.com/images/2023/10/08/scaled.jpeg",
  "img6": "https://photo.teamrabbil.com/images/2023/10/08/scaled.jpeg",
  "img7": "https://photo.teamrabbil.com/images/2023/10/08/scaled.jpeg",
  "img8": "https://photo.teamrabbil.com/images/2023/10/08/scaled.jpeg",
  "des": "<p>&nbsp;</p>\n<p><strong>Processor</strong></p>\n<table class=\"data-table flex-table\" style=\"height: 133px;\" border=\"0.5\" width=\"554\" cellspacing=\"0\" cellpadding=\"0\">\n<tbody>\n<tr>\n<td class=\"name\" style=\"width: 328.283px;\">Processor Brand</td>\n<td class=\"value\" style=\"width: 225.717px;\">Apple</td>\n</tr>\n<tr>\n<td class=\"name\" style=\"width: 328.283px;\">Processor Model</td>\n<td class=\"value\" style=\"width: 225.717px;\">M1 chip</td>\n</tr>\n<tr>\n<td class=\"name\" style=\"width: 328.283px;\">Processor Frequency</td>\n<td class=\"value\" style=\"width: 225.717px;\">2.06 - 3.8GHz</td>\n</tr>\n<tr>\n<td class=\"name\" style=\"width: 328.283px;\">Processor Core</td>\n<td class=\"value\" style=\"width: 225.717px;\">8</td>\n</tr>\n<tr>\n<td class=\"name\" style=\"width: 328.283px;\">Processor Thread</td>\n<td class=\"value\" style=\"width: 225.717px;\">8</td>\n</tr>\n<tr>\n<td class=\"name\" style=\"width: 328.283px;\">CPU Cache</td>\n<td class=\"value\" style=\"width: 225.717px;\">16 MB</td>\n</tr>\n</tbody>\n</table>\n<p><strong>Display</strong></p>\n<table class=\"data-table flex-table\" style=\"height: 123px;\" border=\"0.5\" width=\"600\" cellspacing=\"0\" cellpadding=\"0\">\n<tbody>\n<tr>\n<td class=\"name\" style=\"width: 130.983px;\">Display Size</td>\n<td class=\"value\" style=\"width: 469.017px;\">13.3-inch</td>\n</tr>\n<tr>\n<td class=\"name\" style=\"width: 130.983px;\">Display Type</td>\n<td class=\"value\" style=\"width: 469.017px;\">Retina display with IPS technology</td>\n</tr>\n<tr>\n<td class=\"name\" style=\"width: 130.983px;\">Display Resolution</td>\n<td class=\"value\" style=\"width: 469.017px;\">2560 X 1600</td>\n</tr>\n<tr>\n<td class=\"name\" style=\"width: 130.983px;\">Touch Screen</td>\n<td class=\"value\" style=\"width: 469.017px;\">No</td>\n</tr>\n<tr>\n<td class=\"name\" style=\"width: 130.983px;\">Display Features</td>\n<td class=\"value\" style=\"width: 469.017px;\">LED-backlit; 227 pixels per inch with support for millions of colors</td>\n</tr>\n</tbody>\n</table>\n<p><strong>Memory</strong></p>\n<table class=\"data-table flex-table\" style=\"height: 59px;\" border=\"0.5\" width=\"391\" cellspacing=\"0\" cellpadding=\"0\">\n<tbody>\n<tr>\n<td class=\"name\" style=\"width: 159.367px;\">RAM</td>\n<td class=\"value\" style=\"width: 231.633px;\">8GB</td>\n</tr>\n<tr>\n<td class=\"name\" style=\"width: 159.367px;\">RAM Type</td>\n<td class=\"value\" style=\"width: 231.633px;\">Unified memory</td>\n</tr>\n<tr>\n<td class=\"name\" style=\"width: 159.367px;\">Removable</td>\n<td class=\"value\" style=\"width: 231.633px;\">No</td>\n</tr>\n</tbody>\n</table>",
  "color": "Red,Black,Blue",
  "size": "13,14,17",
  "productID": {
    "$oid": "651da44d1ce672f6c8b7961d"
  },
  "createdAt": {
    "$date": "2023-09-20T17:17:56.893Z"
  },
  "updatedAt": {
    "$date": "2023-09-20T17:17:56.893Z"
  }
},
{
  "_id": {
    "$oid": "65d1af196c05aa9a79a868a8"
  },
  "img1": "https://photo.teamrabbil.com/images/2023/10/08/7.jpeg",
  "img2": "https://photo.teamrabbil.com/images/2023/10/08/scaled.jpeg",
  "img3": "https://photo.teamrabbil.com/images/2023/10/08/scaled.jpeg",
  "img4": "https://photo.teamrabbil.com/images/2023/10/08/scaled.jpeg",
  "img5": "https://photo.teamrabbil.com/images/2023/10/08/scaled.jpeg",
  "img6": "https://photo.teamrabbil.com/images/2023/10/08/scaled.jpeg",
  "img7": "https://photo.teamrabbil.com/images/2023/10/08/scaled.jpeg",
  "img8": "https://photo.teamrabbil.com/images/2023/10/08/scaled.jpeg",
  "des": "<p>&nbsp;</p>\n<p><strong>Processor</strong></p>\n<table class=\"data-table flex-table\" style=\"height: 133px;\" border=\"0.5\" width=\"554\" cellspacing=\"0\" cellpadding=\"0\">\n<tbody>\n<tr>\n<td class=\"name\" style=\"width: 328.283px;\">Processor Brand</td>\n<td class=\"value\" style=\"width: 225.717px;\">Apple</td>\n</tr>\n<tr>\n<td class=\"name\" style=\"width: 328.283px;\">Processor Model</td>\n<td class=\"value\" style=\"width: 225.717px;\">M1 chip</td>\n</tr>\n<tr>\n<td class=\"name\" style=\"width: 328.283px;\">Processor Frequency</td>\n<td class=\"value\" style=\"width: 225.717px;\">2.06 - 3.8GHz</td>\n</tr>\n<tr>\n<td class=\"name\" style=\"width: 328.283px;\">Processor Core</td>\n<td class=\"value\" style=\"width: 225.717px;\">8</td>\n</tr>\n<tr>\n<td class=\"name\" style=\"width: 328.283px;\">Processor Thread</td>\n<td class=\"value\" style=\"width: 225.717px;\">8</td>\n</tr>\n<tr>\n<td class=\"name\" style=\"width: 328.283px;\">CPU Cache</td>\n<td class=\"value\" style=\"width: 225.717px;\">16 MB</td>\n</tr>\n</tbody>\n</table>\n<p><strong>Display</strong></p>\n<table class=\"data-table flex-table\" style=\"height: 123px;\" border=\"0.5\" width=\"600\" cellspacing=\"0\" cellpadding=\"0\">\n<tbody>\n<tr>\n<td class=\"name\" style=\"width: 130.983px;\">Display Size</td>\n<td class=\"value\" style=\"width: 469.017px;\">13.3-inch</td>\n</tr>\n<tr>\n<td class=\"name\" style=\"width: 130.983px;\">Display Type</td>\n<td class=\"value\" style=\"width: 469.017px;\">Retina display with IPS technology</td>\n</tr>\n<tr>\n<td class=\"name\" style=\"width: 130.983px;\">Display Resolution</td>\n<td class=\"value\" style=\"width: 469.017px;\">2560 X 1600</td>\n</tr>\n<tr>\n<td class=\"name\" style=\"width: 130.983px;\">Touch Screen</td>\n<td class=\"value\" style=\"width: 469.017px;\">No</td>\n</tr>\n<tr>\n<td class=\"name\" style=\"width: 130.983px;\">Display Features</td>\n<td class=\"value\" style=\"width: 469.017px;\">LED-backlit; 227 pixels per inch with support for millions of colors</td>\n</tr>\n</tbody>\n</table>\n<p><strong>Memory</strong></p>\n<table class=\"data-table flex-table\" style=\"height: 59px;\" border=\"0.5\" width=\"391\" cellspacing=\"0\" cellpadding=\"0\">\n<tbody>\n<tr>\n<td class=\"name\" style=\"width: 159.367px;\">RAM</td>\n<td class=\"value\" style=\"width: 231.633px;\">8GB</td>\n</tr>\n<tr>\n<td class=\"name\" style=\"width: 159.367px;\">RAM Type</td>\n<td class=\"value\" style=\"width: 231.633px;\">Unified memory</td>\n</tr>\n<tr>\n<td class=\"name\" style=\"width: 159.367px;\">Removable</td>\n<td class=\"value\" style=\"width: 231.633px;\">No</td>\n</tr>\n</tbody>\n</table>",
  "color": "Red,Black,Blue",
  "size": "13,14,17",
  "productID": {
    "$oid": "651da4431ce672f6c8b7961c"
  },
  "createdAt": {
    "$date": "2023-09-20T17:17:56.893Z"
  },
  "updatedAt": {
    "$date": "2023-09-20T17:17:56.893Z"
  }
},
{
  "_id": {
    "$oid": "65d1af236c05aa9a79a868a9"
  },
  "img1": "https://photo.teamrabbil.com/images/2023/10/08/7.jpeg",
  "img2": "https://photo.teamrabbil.com/images/2023/10/08/scaled.jpeg",
  "img3": "https://photo.teamrabbil.com/images/2023/10/08/scaled.jpeg",
  "img4": "https://photo.teamrabbil.com/images/2023/10/08/scaled.jpeg",
  "img5": "https://photo.teamrabbil.com/images/2023/10/08/scaled.jpeg",
  "img6": "https://photo.teamrabbil.com/images/2023/10/08/scaled.jpeg",
  "img7": "https://photo.teamrabbil.com/images/2023/10/08/scaled.jpeg",
  "img8": "https://photo.teamrabbil.com/images/2023/10/08/scaled.jpeg",
  "des": "<p>&nbsp;</p>\n<p><strong>Processor</strong></p>\n<table class=\"data-table flex-table\" style=\"height: 133px;\" border=\"0.5\" width=\"554\" cellspacing=\"0\" cellpadding=\"0\">\n<tbody>\n<tr>\n<td class=\"name\" style=\"width: 328.283px;\">Processor Brand</td>\n<td class=\"value\" style=\"width: 225.717px;\">Apple</td>\n</tr>\n<tr>\n<td class=\"name\" style=\"width: 328.283px;\">Processor Model</td>\n<td class=\"value\" style=\"width: 225.717px;\">M1 chip</td>\n</tr>\n<tr>\n<td class=\"name\" style=\"width: 328.283px;\">Processor Frequency</td>\n<td class=\"value\" style=\"width: 225.717px;\">2.06 - 3.8GHz</td>\n</tr>\n<tr>\n<td class=\"name\" style=\"width: 328.283px;\">Processor Core</td>\n<td class=\"value\" style=\"width: 225.717px;\">8</td>\n</tr>\n<tr>\n<td class=\"name\" style=\"width: 328.283px;\">Processor Thread</td>\n<td class=\"value\" style=\"width: 225.717px;\">8</td>\n</tr>\n<tr>\n<td class=\"name\" style=\"width: 328.283px;\">CPU Cache</td>\n<td class=\"value\" style=\"width: 225.717px;\">16 MB</td>\n</tr>\n</tbody>\n</table>\n<p><strong>Display</strong></p>\n<table class=\"data-table flex-table\" style=\"height: 123px;\" border=\"0.5\" width=\"600\" cellspacing=\"0\" cellpadding=\"0\">\n<tbody>\n<tr>\n<td class=\"name\" style=\"width: 130.983px;\">Display Size</td>\n<td class=\"value\" style=\"width: 469.017px;\">13.3-inch</td>\n</tr>\n<tr>\n<td class=\"name\" style=\"width: 130.983px;\">Display Type</td>\n<td class=\"value\" style=\"width: 469.017px;\">Retina display with IPS technology</td>\n</tr>\n<tr>\n<td class=\"name\" style=\"width: 130.983px;\">Display Resolution</td>\n<td class=\"value\" style=\"width: 469.017px;\">2560 X 1600</td>\n</tr>\n<tr>\n<td class=\"name\" style=\"width: 130.983px;\">Touch Screen</td>\n<td class=\"value\" style=\"width: 469.017px;\">No</td>\n</tr>\n<tr>\n<td class=\"name\" style=\"width: 130.983px;\">Display Features</td>\n<td class=\"value\" style=\"width: 469.017px;\">LED-backlit; 227 pixels per inch with support for millions of colors</td>\n</tr>\n</tbody>\n</table>\n<p><strong>Memory</strong></p>\n<table class=\"data-table flex-table\" style=\"height: 59px;\" border=\"0.5\" width=\"391\" cellspacing=\"0\" cellpadding=\"0\">\n<tbody>\n<tr>\n<td class=\"name\" style=\"width: 159.367px;\">RAM</td>\n<td class=\"value\" style=\"width: 231.633px;\">8GB</td>\n</tr>\n<tr>\n<td class=\"name\" style=\"width: 159.367px;\">RAM Type</td>\n<td class=\"value\" style=\"width: 231.633px;\">Unified memory</td>\n</tr>\n<tr>\n<td class=\"name\" style=\"width: 159.367px;\">Removable</td>\n<td class=\"value\" style=\"width: 231.633px;\">No</td>\n</tr>\n</tbody>\n</table>",
  "color": "Red,Black,Blue",
  "size": "13,14,17",
  "productID": {
    "$oid": "651da47f1ce672f6c8b7961f"
  },
  "createdAt": {
    "$date": "2023-09-20T17:17:56.893Z"
  },
  "updatedAt": {
    "$date": "2023-09-20T17:17:56.893Z"
  }
},
{
  "_id": {
    "$oid": "65d1af2c6c05aa9a79a868aa"
  },
  "img1": "https://photo.teamrabbil.com/images/2023/10/08/7.jpeg",
  "img2": "https://photo.teamrabbil.com/images/2023/10/08/scaled.jpeg",
  "img3": "https://photo.teamrabbil.com/images/2023/10/08/scaled.jpeg",
  "img4": "https://photo.teamrabbil.com/images/2023/10/08/scaled.jpeg",
  "img5": "https://photo.teamrabbil.com/images/2023/10/08/scaled.jpeg",
  "img6": "https://photo.teamrabbil.com/images/2023/10/08/scaled.jpeg",
  "img7": "https://photo.teamrabbil.com/images/2023/10/08/scaled.jpeg",
  "img8": "https://photo.teamrabbil.com/images/2023/10/08/scaled.jpeg",
  "des": "<p>&nbsp;</p>\n<p><strong>Processor</strong></p>\n<table class=\"data-table flex-table\" style=\"height: 133px;\" border=\"0.5\" width=\"554\" cellspacing=\"0\" cellpadding=\"0\">\n<tbody>\n<tr>\n<td class=\"name\" style=\"width: 328.283px;\">Processor Brand</td>\n<td class=\"value\" style=\"width: 225.717px;\">Apple</td>\n</tr>\n<tr>\n<td class=\"name\" style=\"width: 328.283px;\">Processor Model</td>\n<td class=\"value\" style=\"width: 225.717px;\">M1 chip</td>\n</tr>\n<tr>\n<td class=\"name\" style=\"width: 328.283px;\">Processor Frequency</td>\n<td class=\"value\" style=\"width: 225.717px;\">2.06 - 3.8GHz</td>\n</tr>\n<tr>\n<td class=\"name\" style=\"width: 328.283px;\">Processor Core</td>\n<td class=\"value\" style=\"width: 225.717px;\">8</td>\n</tr>\n<tr>\n<td class=\"name\" style=\"width: 328.283px;\">Processor Thread</td>\n<td class=\"value\" style=\"width: 225.717px;\">8</td>\n</tr>\n<tr>\n<td class=\"name\" style=\"width: 328.283px;\">CPU Cache</td>\n<td class=\"value\" style=\"width: 225.717px;\">16 MB</td>\n</tr>\n</tbody>\n</table>\n<p><strong>Display</strong></p>\n<table class=\"data-table flex-table\" style=\"height: 123px;\" border=\"0.5\" width=\"600\" cellspacing=\"0\" cellpadding=\"0\">\n<tbody>\n<tr>\n<td class=\"name\" style=\"width: 130.983px;\">Display Size</td>\n<td class=\"value\" style=\"width: 469.017px;\">13.3-inch</td>\n</tr>\n<tr>\n<td class=\"name\" style=\"width: 130.983px;\">Display Type</td>\n<td class=\"value\" style=\"width: 469.017px;\">Retina display with IPS technology</td>\n</tr>\n<tr>\n<td class=\"name\" style=\"width: 130.983px;\">Display Resolution</td>\n<td class=\"value\" style=\"width: 469.017px;\">2560 X 1600</td>\n</tr>\n<tr>\n<td class=\"name\" style=\"width: 130.983px;\">Touch Screen</td>\n<td class=\"value\" style=\"width: 469.017px;\">No</td>\n</tr>\n<tr>\n<td class=\"name\" style=\"width: 130.983px;\">Display Features</td>\n<td class=\"value\" style=\"width: 469.017px;\">LED-backlit; 227 pixels per inch with support for millions of colors</td>\n</tr>\n</tbody>\n</table>\n<p><strong>Memory</strong></p>\n<table class=\"data-table flex-table\" style=\"height: 59px;\" border=\"0.5\" width=\"391\" cellspacing=\"0\" cellpadding=\"0\">\n<tbody>\n<tr>\n<td class=\"name\" style=\"width: 159.367px;\">RAM</td>\n<td class=\"value\" style=\"width: 231.633px;\">8GB</td>\n</tr>\n<tr>\n<td class=\"name\" style=\"width: 159.367px;\">RAM Type</td>\n<td class=\"value\" style=\"width: 231.633px;\">Unified memory</td>\n</tr>\n<tr>\n<td class=\"name\" style=\"width: 159.367px;\">Removable</td>\n<td class=\"value\" style=\"width: 231.633px;\">No</td>\n</tr>\n</tbody>\n</table>",
  "color": "Red,Black,Blue",
  "size": "13,14,17",
  "productID": {
    "$oid": "654dbf1eabda0c85053c98ff"
  },
  "createdAt": {
    "$date": "2023-09-20T17:17:56.893Z"
  },
  "updatedAt": {
    "$date": "2023-09-20T17:17:56.893Z"
  }
},
{
  "_id": {
    "$oid": "65d1b0886c05aa9a79a868ab"
  },
  "img1": "https://photo.teamrabbil.com/images/2023/10/08/7.jpeg",
  "img2": "https://photo.teamrabbil.com/images/2023/10/08/scaled.jpeg",
  "img3": "https://photo.teamrabbil.com/images/2023/10/08/scaled.jpeg",
  "img4": "https://photo.teamrabbil.com/images/2023/10/08/scaled.jpeg",
  "img5": "https://photo.teamrabbil.com/images/2023/10/08/scaled.jpeg",
  "img6": "https://photo.teamrabbil.com/images/2023/10/08/scaled.jpeg",
  "img7": "https://photo.teamrabbil.com/images/2023/10/08/scaled.jpeg",
  "img8": "https://photo.teamrabbil.com/images/2023/10/08/scaled.jpeg",
  "des": "<p>&nbsp;</p>\n<p><strong>Processor</strong></p>\n<table class=\"data-table flex-table\" style=\"height: 133px;\" border=\"0.5\" width=\"554\" cellspacing=\"0\" cellpadding=\"0\">\n<tbody>\n<tr>\n<td class=\"name\" style=\"width: 328.283px;\">Processor Brand</td>\n<td class=\"value\" style=\"width: 225.717px;\">Apple</td>\n</tr>\n<tr>\n<td class=\"name\" style=\"width: 328.283px;\">Processor Model</td>\n<td class=\"value\" style=\"width: 225.717px;\">M1 chip</td>\n</tr>\n<tr>\n<td class=\"name\" style=\"width: 328.283px;\">Processor Frequency</td>\n<td class=\"value\" style=\"width: 225.717px;\">2.06 - 3.8GHz</td>\n</tr>\n<tr>\n<td class=\"name\" style=\"width: 328.283px;\">Processor Core</td>\n<td class=\"value\" style=\"width: 225.717px;\">8</td>\n</tr>\n<tr>\n<td class=\"name\" style=\"width: 328.283px;\">Processor Thread</td>\n<td class=\"value\" style=\"width: 225.717px;\">8</td>\n</tr>\n<tr>\n<td class=\"name\" style=\"width: 328.283px;\">CPU Cache</td>\n<td class=\"value\" style=\"width: 225.717px;\">16 MB</td>\n</tr>\n</tbody>\n</table>\n<p><strong>Display</strong></p>\n<table class=\"data-table flex-table\" style=\"height: 123px;\" border=\"0.5\" width=\"600\" cellspacing=\"0\" cellpadding=\"0\">\n<tbody>\n<tr>\n<td class=\"name\" style=\"width: 130.983px;\">Display Size</td>\n<td class=\"value\" style=\"width: 469.017px;\">13.3-inch</td>\n</tr>\n<tr>\n<td class=\"name\" style=\"width: 130.983px;\">Display Type</td>\n<td class=\"value\" style=\"width: 469.017px;\">Retina display with IPS technology</td>\n</tr>\n<tr>\n<td class=\"name\" style=\"width: 130.983px;\">Display Resolution</td>\n<td class=\"value\" style=\"width: 469.017px;\">2560 X 1600</td>\n</tr>\n<tr>\n<td class=\"name\" style=\"width: 130.983px;\">Touch Screen</td>\n<td class=\"value\" style=\"width: 469.017px;\">No</td>\n</tr>\n<tr>\n<td class=\"name\" style=\"width: 130.983px;\">Display Features</td>\n<td class=\"value\" style=\"width: 469.017px;\">LED-backlit; 227 pixels per inch with support for millions of colors</td>\n</tr>\n</tbody>\n</table>\n<p><strong>Memory</strong></p>\n<table class=\"data-table flex-table\" style=\"height: 59px;\" border=\"0.5\" width=\"391\" cellspacing=\"0\" cellpadding=\"0\">\n<tbody>\n<tr>\n<td class=\"name\" style=\"width: 159.367px;\">RAM</td>\n<td class=\"value\" style=\"width: 231.633px;\">8GB</td>\n</tr>\n<tr>\n<td class=\"name\" style=\"width: 159.367px;\">RAM Type</td>\n<td class=\"value\" style=\"width: 231.633px;\">Unified memory</td>\n</tr>\n<tr>\n<td class=\"name\" style=\"width: 159.367px;\">Removable</td>\n<td class=\"value\" style=\"width: 231.633px;\">No</td>\n</tr>\n</tbody>\n</table>",
  "color": "Red,Black,Blue",
  "size": "13,14,17",
  "productID": {
    "$oid": "654dbf1cabda0c85053c98fe"
  },
  "createdAt": {
    "$date": "2023-09-20T17:17:56.893Z"
  },
  "updatedAt": {
    "$date": "2023-09-20T17:17:56.893Z"
  }
},
{
  "_id": {
    "$oid": "65d1b0966c05aa9a79a868ac"
  },
  "img1": "https://photo.teamrabbil.com/images/2023/10/08/7.jpeg",
  "img2": "https://photo.teamrabbil.com/images/2023/10/08/scaled.jpeg",
  "img3": "https://photo.teamrabbil.com/images/2023/10/08/scaled.jpeg",
  "img4": "https://photo.teamrabbil.com/images/2023/10/08/scaled.jpeg",
  "img5": "https://photo.teamrabbil.com/images/2023/10/08/scaled.jpeg",
  "img6": "https://photo.teamrabbil.com/images/2023/10/08/scaled.jpeg",
  "img7": "https://photo.teamrabbil.com/images/2023/10/08/scaled.jpeg",
  "img8": "https://photo.teamrabbil.com/images/2023/10/08/scaled.jpeg",
  "des": "<p>&nbsp;</p>\n<p><strong>Processor</strong></p>\n<table class=\"data-table flex-table\" style=\"height: 133px;\" border=\"0.5\" width=\"554\" cellspacing=\"0\" cellpadding=\"0\">\n<tbody>\n<tr>\n<td class=\"name\" style=\"width: 328.283px;\">Processor Brand</td>\n<td class=\"value\" style=\"width: 225.717px;\">Apple</td>\n</tr>\n<tr>\n<td class=\"name\" style=\"width: 328.283px;\">Processor Model</td>\n<td class=\"value\" style=\"width: 225.717px;\">M1 chip</td>\n</tr>\n<tr>\n<td class=\"name\" style=\"width: 328.283px;\">Processor Frequency</td>\n<td class=\"value\" style=\"width: 225.717px;\">2.06 - 3.8GHz</td>\n</tr>\n<tr>\n<td class=\"name\" style=\"width: 328.283px;\">Processor Core</td>\n<td class=\"value\" style=\"width: 225.717px;\">8</td>\n</tr>\n<tr>\n<td class=\"name\" style=\"width: 328.283px;\">Processor Thread</td>\n<td class=\"value\" style=\"width: 225.717px;\">8</td>\n</tr>\n<tr>\n<td class=\"name\" style=\"width: 328.283px;\">CPU Cache</td>\n<td class=\"value\" style=\"width: 225.717px;\">16 MB</td>\n</tr>\n</tbody>\n</table>\n<p><strong>Display</strong></p>\n<table class=\"data-table flex-table\" style=\"height: 123px;\" border=\"0.5\" width=\"600\" cellspacing=\"0\" cellpadding=\"0\">\n<tbody>\n<tr>\n<td class=\"name\" style=\"width: 130.983px;\">Display Size</td>\n<td class=\"value\" style=\"width: 469.017px;\">13.3-inch</td>\n</tr>\n<tr>\n<td class=\"name\" style=\"width: 130.983px;\">Display Type</td>\n<td class=\"value\" style=\"width: 469.017px;\">Retina display with IPS technology</td>\n</tr>\n<tr>\n<td class=\"name\" style=\"width: 130.983px;\">Display Resolution</td>\n<td class=\"value\" style=\"width: 469.017px;\">2560 X 1600</td>\n</tr>\n<tr>\n<td class=\"name\" style=\"width: 130.983px;\">Touch Screen</td>\n<td class=\"value\" style=\"width: 469.017px;\">No</td>\n</tr>\n<tr>\n<td class=\"name\" style=\"width: 130.983px;\">Display Features</td>\n<td class=\"value\" style=\"width: 469.017px;\">LED-backlit; 227 pixels per inch with support for millions of colors</td>\n</tr>\n</tbody>\n</table>\n<p><strong>Memory</strong></p>\n<table class=\"data-table flex-table\" style=\"height: 59px;\" border=\"0.5\" width=\"391\" cellspacing=\"0\" cellpadding=\"0\">\n<tbody>\n<tr>\n<td class=\"name\" style=\"width: 159.367px;\">RAM</td>\n<td class=\"value\" style=\"width: 231.633px;\">8GB</td>\n</tr>\n<tr>\n<td class=\"name\" style=\"width: 159.367px;\">RAM Type</td>\n<td class=\"value\" style=\"width: 231.633px;\">Unified memory</td>\n</tr>\n<tr>\n<td class=\"name\" style=\"width: 159.367px;\">Removable</td>\n<td class=\"value\" style=\"width: 231.633px;\">No</td>\n</tr>\n</tbody>\n</table>",
  "color": "Red,Black,Blue",
  "size": "13,14,17",
  "productID": {
    "$oid": "654dbf21abda0c85053c9900"
  },
  "createdAt": {
    "$date": "2023-09-20T17:17:56.893Z"
  },
  "updatedAt": {
    "$date": "2023-09-20T17:17:56.893Z"
  }
},
{
  "_id": {
    "$oid": "65d1b09d6c05aa9a79a868ad"
  },
  "img1": "https://photo.teamrabbil.com/images/2023/10/08/7.jpeg",
  "img2": "https://photo.teamrabbil.com/images/2023/10/08/scaled.jpeg",
  "img3": "https://photo.teamrabbil.com/images/2023/10/08/scaled.jpeg",
  "img4": "https://photo.teamrabbil.com/images/2023/10/08/scaled.jpeg",
  "img5": "https://photo.teamrabbil.com/images/2023/10/08/scaled.jpeg",
  "img6": "https://photo.teamrabbil.com/images/2023/10/08/scaled.jpeg",
  "img7": "https://photo.teamrabbil.com/images/2023/10/08/scaled.jpeg",
  "img8": "https://photo.teamrabbil.com/images/2023/10/08/scaled.jpeg",
  "des": "<p>&nbsp;</p>\n<p><strong>Processor</strong></p>\n<table class=\"data-table flex-table\" style=\"height: 133px;\" border=\"0.5\" width=\"554\" cellspacing=\"0\" cellpadding=\"0\">\n<tbody>\n<tr>\n<td class=\"name\" style=\"width: 328.283px;\">Processor Brand</td>\n<td class=\"value\" style=\"width: 225.717px;\">Apple</td>\n</tr>\n<tr>\n<td class=\"name\" style=\"width: 328.283px;\">Processor Model</td>\n<td class=\"value\" style=\"width: 225.717px;\">M1 chip</td>\n</tr>\n<tr>\n<td class=\"name\" style=\"width: 328.283px;\">Processor Frequency</td>\n<td class=\"value\" style=\"width: 225.717px;\">2.06 - 3.8GHz</td>\n</tr>\n<tr>\n<td class=\"name\" style=\"width: 328.283px;\">Processor Core</td>\n<td class=\"value\" style=\"width: 225.717px;\">8</td>\n</tr>\n<tr>\n<td class=\"name\" style=\"width: 328.283px;\">Processor Thread</td>\n<td class=\"value\" style=\"width: 225.717px;\">8</td>\n</tr>\n<tr>\n<td class=\"name\" style=\"width: 328.283px;\">CPU Cache</td>\n<td class=\"value\" style=\"width: 225.717px;\">16 MB</td>\n</tr>\n</tbody>\n</table>\n<p><strong>Display</strong></p>\n<table class=\"data-table flex-table\" style=\"height: 123px;\" border=\"0.5\" width=\"600\" cellspacing=\"0\" cellpadding=\"0\">\n<tbody>\n<tr>\n<td class=\"name\" style=\"width: 130.983px;\">Display Size</td>\n<td class=\"value\" style=\"width: 469.017px;\">13.3-inch</td>\n</tr>\n<tr>\n<td class=\"name\" style=\"width: 130.983px;\">Display Type</td>\n<td class=\"value\" style=\"width: 469.017px;\">Retina display with IPS technology</td>\n</tr>\n<tr>\n<td class=\"name\" style=\"width: 130.983px;\">Display Resolution</td>\n<td class=\"value\" style=\"width: 469.017px;\">2560 X 1600</td>\n</tr>\n<tr>\n<td class=\"name\" style=\"width: 130.983px;\">Touch Screen</td>\n<td class=\"value\" style=\"width: 469.017px;\">No</td>\n</tr>\n<tr>\n<td class=\"name\" style=\"width: 130.983px;\">Display Features</td>\n<td class=\"value\" style=\"width: 469.017px;\">LED-backlit; 227 pixels per inch with support for millions of colors</td>\n</tr>\n</tbody>\n</table>\n<p><strong>Memory</strong></p>\n<table class=\"data-table flex-table\" style=\"height: 59px;\" border=\"0.5\" width=\"391\" cellspacing=\"0\" cellpadding=\"0\">\n<tbody>\n<tr>\n<td class=\"name\" style=\"width: 159.367px;\">RAM</td>\n<td class=\"value\" style=\"width: 231.633px;\">8GB</td>\n</tr>\n<tr>\n<td class=\"name\" style=\"width: 159.367px;\">RAM Type</td>\n<td class=\"value\" style=\"width: 231.633px;\">Unified memory</td>\n</tr>\n<tr>\n<td class=\"name\" style=\"width: 159.367px;\">Removable</td>\n<td class=\"value\" style=\"width: 231.633px;\">No</td>\n</tr>\n</tbody>\n</table>",
  "color": "Red,Black,Blue",
  "size": "13,14,17",
  "productID": {
    "$oid": "654dbf23abda0c85053c9901"
  },
  "createdAt": {
    "$date": "2023-09-20T17:17:56.893Z"
  },
  "updatedAt": {
    "$date": "2023-09-20T17:17:56.893Z"
  }
},
{
  "_id": {
    "$oid": "65d1b0a56c05aa9a79a868ae"
  },
  "img1": "https://photo.teamrabbil.com/images/2023/10/08/7.jpeg",
  "img2": "https://photo.teamrabbil.com/images/2023/10/08/scaled.jpeg",
  "img3": "https://photo.teamrabbil.com/images/2023/10/08/scaled.jpeg",
  "img4": "https://photo.teamrabbil.com/images/2023/10/08/scaled.jpeg",
  "img5": "https://photo.teamrabbil.com/images/2023/10/08/scaled.jpeg",
  "img6": "https://photo.teamrabbil.com/images/2023/10/08/scaled.jpeg",
  "img7": "https://photo.teamrabbil.com/images/2023/10/08/scaled.jpeg",
  "img8": "https://photo.teamrabbil.com/images/2023/10/08/scaled.jpeg",
  "des": "<p>&nbsp;</p>\n<p><strong>Processor</strong></p>\n<table class=\"data-table flex-table\" style=\"height: 133px;\" border=\"0.5\" width=\"554\" cellspacing=\"0\" cellpadding=\"0\">\n<tbody>\n<tr>\n<td class=\"name\" style=\"width: 328.283px;\">Processor Brand</td>\n<td class=\"value\" style=\"width: 225.717px;\">Apple</td>\n</tr>\n<tr>\n<td class=\"name\" style=\"width: 328.283px;\">Processor Model</td>\n<td class=\"value\" style=\"width: 225.717px;\">M1 chip</td>\n</tr>\n<tr>\n<td class=\"name\" style=\"width: 328.283px;\">Processor Frequency</td>\n<td class=\"value\" style=\"width: 225.717px;\">2.06 - 3.8GHz</td>\n</tr>\n<tr>\n<td class=\"name\" style=\"width: 328.283px;\">Processor Core</td>\n<td class=\"value\" style=\"width: 225.717px;\">8</td>\n</tr>\n<tr>\n<td class=\"name\" style=\"width: 328.283px;\">Processor Thread</td>\n<td class=\"value\" style=\"width: 225.717px;\">8</td>\n</tr>\n<tr>\n<td class=\"name\" style=\"width: 328.283px;\">CPU Cache</td>\n<td class=\"value\" style=\"width: 225.717px;\">16 MB</td>\n</tr>\n</tbody>\n</table>\n<p><strong>Display</strong></p>\n<table class=\"data-table flex-table\" style=\"height: 123px;\" border=\"0.5\" width=\"600\" cellspacing=\"0\" cellpadding=\"0\">\n<tbody>\n<tr>\n<td class=\"name\" style=\"width: 130.983px;\">Display Size</td>\n<td class=\"value\" style=\"width: 469.017px;\">13.3-inch</td>\n</tr>\n<tr>\n<td class=\"name\" style=\"width: 130.983px;\">Display Type</td>\n<td class=\"value\" style=\"width: 469.017px;\">Retina display with IPS technology</td>\n</tr>\n<tr>\n<td class=\"name\" style=\"width: 130.983px;\">Display Resolution</td>\n<td class=\"value\" style=\"width: 469.017px;\">2560 X 1600</td>\n</tr>\n<tr>\n<td class=\"name\" style=\"width: 130.983px;\">Touch Screen</td>\n<td class=\"value\" style=\"width: 469.017px;\">No</td>\n</tr>\n<tr>\n<td class=\"name\" style=\"width: 130.983px;\">Display Features</td>\n<td class=\"value\" style=\"width: 469.017px;\">LED-backlit; 227 pixels per inch with support for millions of colors</td>\n</tr>\n</tbody>\n</table>\n<p><strong>Memory</strong></p>\n<table class=\"data-table flex-table\" style=\"height: 59px;\" border=\"0.5\" width=\"391\" cellspacing=\"0\" cellpadding=\"0\">\n<tbody>\n<tr>\n<td class=\"name\" style=\"width: 159.367px;\">RAM</td>\n<td class=\"value\" style=\"width: 231.633px;\">8GB</td>\n</tr>\n<tr>\n<td class=\"name\" style=\"width: 159.367px;\">RAM Type</td>\n<td class=\"value\" style=\"width: 231.633px;\">Unified memory</td>\n</tr>\n<tr>\n<td class=\"name\" style=\"width: 159.367px;\">Removable</td>\n<td class=\"value\" style=\"width: 231.633px;\">No</td>\n</tr>\n</tbody>\n</table>",
  "color": "Red,Black,Blue",
  "size": "13,14,17",
  "productID": {
    "$oid": "654dbf26abda0c85053c9903"
  },
  "createdAt": {
    "$date": "2023-09-20T17:17:56.893Z"
  },
  "updatedAt": {
    "$date": "2023-09-20T17:17:56.893Z"
  }
},
{
  "_id": {
    "$oid": "65d1b0ac6c05aa9a79a868af"
  },
  "img1": "https://photo.teamrabbil.com/images/2023/10/08/7.jpeg",
  "img2": "https://photo.teamrabbil.com/images/2023/10/08/scaled.jpeg",
  "img3": "https://photo.teamrabbil.com/images/2023/10/08/scaled.jpeg",
  "img4": "https://photo.teamrabbil.com/images/2023/10/08/scaled.jpeg",
  "img5": "https://photo.teamrabbil.com/images/2023/10/08/scaled.jpeg",
  "img6": "https://photo.teamrabbil.com/images/2023/10/08/scaled.jpeg",
  "img7": "https://photo.teamrabbil.com/images/2023/10/08/scaled.jpeg",
  "img8": "https://photo.teamrabbil.com/images/2023/10/08/scaled.jpeg",
  "des": "<p>&nbsp;</p>\n<p><strong>Processor</strong></p>\n<table class=\"data-table flex-table\" style=\"height: 133px;\" border=\"0.5\" width=\"554\" cellspacing=\"0\" cellpadding=\"0\">\n<tbody>\n<tr>\n<td class=\"name\" style=\"width: 328.283px;\">Processor Brand</td>\n<td class=\"value\" style=\"width: 225.717px;\">Apple</td>\n</tr>\n<tr>\n<td class=\"name\" style=\"width: 328.283px;\">Processor Model</td>\n<td class=\"value\" style=\"width: 225.717px;\">M1 chip</td>\n</tr>\n<tr>\n<td class=\"name\" style=\"width: 328.283px;\">Processor Frequency</td>\n<td class=\"value\" style=\"width: 225.717px;\">2.06 - 3.8GHz</td>\n</tr>\n<tr>\n<td class=\"name\" style=\"width: 328.283px;\">Processor Core</td>\n<td class=\"value\" style=\"width: 225.717px;\">8</td>\n</tr>\n<tr>\n<td class=\"name\" style=\"width: 328.283px;\">Processor Thread</td>\n<td class=\"value\" style=\"width: 225.717px;\">8</td>\n</tr>\n<tr>\n<td class=\"name\" style=\"width: 328.283px;\">CPU Cache</td>\n<td class=\"value\" style=\"width: 225.717px;\">16 MB</td>\n</tr>\n</tbody>\n</table>\n<p><strong>Display</strong></p>\n<table class=\"data-table flex-table\" style=\"height: 123px;\" border=\"0.5\" width=\"600\" cellspacing=\"0\" cellpadding=\"0\">\n<tbody>\n<tr>\n<td class=\"name\" style=\"width: 130.983px;\">Display Size</td>\n<td class=\"value\" style=\"width: 469.017px;\">13.3-inch</td>\n</tr>\n<tr>\n<td class=\"name\" style=\"width: 130.983px;\">Display Type</td>\n<td class=\"value\" style=\"width: 469.017px;\">Retina display with IPS technology</td>\n</tr>\n<tr>\n<td class=\"name\" style=\"width: 130.983px;\">Display Resolution</td>\n<td class=\"value\" style=\"width: 469.017px;\">2560 X 1600</td>\n</tr>\n<tr>\n<td class=\"name\" style=\"width: 130.983px;\">Touch Screen</td>\n<td class=\"value\" style=\"width: 469.017px;\">No</td>\n</tr>\n<tr>\n<td class=\"name\" style=\"width: 130.983px;\">Display Features</td>\n<td class=\"value\" style=\"width: 469.017px;\">LED-backlit; 227 pixels per inch with support for millions of colors</td>\n</tr>\n</tbody>\n</table>\n<p><strong>Memory</strong></p>\n<table class=\"data-table flex-table\" style=\"height: 59px;\" border=\"0.5\" width=\"391\" cellspacing=\"0\" cellpadding=\"0\">\n<tbody>\n<tr>\n<td class=\"name\" style=\"width: 159.367px;\">RAM</td>\n<td class=\"value\" style=\"width: 231.633px;\">8GB</td>\n</tr>\n<tr>\n<td class=\"name\" style=\"width: 159.367px;\">RAM Type</td>\n<td class=\"value\" style=\"width: 231.633px;\">Unified memory</td>\n</tr>\n<tr>\n<td class=\"name\" style=\"width: 159.367px;\">Removable</td>\n<td class=\"value\" style=\"width: 231.633px;\">No</td>\n</tr>\n</tbody>\n</table>",
  "color": "Red,Black,Blue",
  "size": "13,14,17",
  "productID": {
    "$oid": "651da4531ce672f6c8b7961e"
  },
  "createdAt": {
    "$date": "2023-09-20T17:17:56.893Z"
  },
  "updatedAt": {
    "$date": "2023-09-20T17:17:56.893Z"
  }
},
{
  "_id": {
    "$oid": "65d1b0b36c05aa9a79a868b0"
  },
  "img1": "https://photo.teamrabbil.com/images/2023/10/08/7.jpeg",
  "img2": "https://photo.teamrabbil.com/images/2023/10/08/scaled.jpeg",
  "img3": "https://photo.teamrabbil.com/images/2023/10/08/scaled.jpeg",
  "img4": "https://photo.teamrabbil.com/images/2023/10/08/scaled.jpeg",
  "img5": "https://photo.teamrabbil.com/images/2023/10/08/scaled.jpeg",
  "img6": "https://photo.teamrabbil.com/images/2023/10/08/scaled.jpeg",
  "img7": "https://photo.teamrabbil.com/images/2023/10/08/scaled.jpeg",
  "img8": "https://photo.teamrabbil.com/images/2023/10/08/scaled.jpeg",
  "des": "<p>&nbsp;</p>\n<p><strong>Processor</strong></p>\n<table class=\"data-table flex-table\" style=\"height: 133px;\" border=\"0.5\" width=\"554\" cellspacing=\"0\" cellpadding=\"0\">\n<tbody>\n<tr>\n<td class=\"name\" style=\"width: 328.283px;\">Processor Brand</td>\n<td class=\"value\" style=\"width: 225.717px;\">Apple</td>\n</tr>\n<tr>\n<td class=\"name\" style=\"width: 328.283px;\">Processor Model</td>\n<td class=\"value\" style=\"width: 225.717px;\">M1 chip</td>\n</tr>\n<tr>\n<td class=\"name\" style=\"width: 328.283px;\">Processor Frequency</td>\n<td class=\"value\" style=\"width: 225.717px;\">2.06 - 3.8GHz</td>\n</tr>\n<tr>\n<td class=\"name\" style=\"width: 328.283px;\">Processor Core</td>\n<td class=\"value\" style=\"width: 225.717px;\">8</td>\n</tr>\n<tr>\n<td class=\"name\" style=\"width: 328.283px;\">Processor Thread</td>\n<td class=\"value\" style=\"width: 225.717px;\">8</td>\n</tr>\n<tr>\n<td class=\"name\" style=\"width: 328.283px;\">CPU Cache</td>\n<td class=\"value\" style=\"width: 225.717px;\">16 MB</td>\n</tr>\n</tbody>\n</table>\n<p><strong>Display</strong></p>\n<table class=\"data-table flex-table\" style=\"height: 123px;\" border=\"0.5\" width=\"600\" cellspacing=\"0\" cellpadding=\"0\">\n<tbody>\n<tr>\n<td class=\"name\" style=\"width: 130.983px;\">Display Size</td>\n<td class=\"value\" style=\"width: 469.017px;\">13.3-inch</td>\n</tr>\n<tr>\n<td class=\"name\" style=\"width: 130.983px;\">Display Type</td>\n<td class=\"value\" style=\"width: 469.017px;\">Retina display with IPS technology</td>\n</tr>\n<tr>\n<td class=\"name\" style=\"width: 130.983px;\">Display Resolution</td>\n<td class=\"value\" style=\"width: 469.017px;\">2560 X 1600</td>\n</tr>\n<tr>\n<td class=\"name\" style=\"width: 130.983px;\">Touch Screen</td>\n<td class=\"value\" style=\"width: 469.017px;\">No</td>\n</tr>\n<tr>\n<td class=\"name\" style=\"width: 130.983px;\">Display Features</td>\n<td class=\"value\" style=\"width: 469.017px;\">LED-backlit; 227 pixels per inch with support for millions of colors</td>\n</tr>\n</tbody>\n</table>\n<p><strong>Memory</strong></p>\n<table class=\"data-table flex-table\" style=\"height: 59px;\" border=\"0.5\" width=\"391\" cellspacing=\"0\" cellpadding=\"0\">\n<tbody>\n<tr>\n<td class=\"name\" style=\"width: 159.367px;\">RAM</td>\n<td class=\"value\" style=\"width: 231.633px;\">8GB</td>\n</tr>\n<tr>\n<td class=\"name\" style=\"width: 159.367px;\">RAM Type</td>\n<td class=\"value\" style=\"width: 231.633px;\">Unified memory</td>\n</tr>\n<tr>\n<td class=\"name\" style=\"width: 159.367px;\">Removable</td>\n<td class=\"value\" style=\"width: 231.633px;\">No</td>\n</tr>\n</tbody>\n</table>",
  "color": "Red,Black,Blue",
  "size": "13,14,17",
  "productID": {
    "$oid": "654dbf28abda0c85053c9904"
  },
  "createdAt": {
    "$date": "2023-09-20T17:17:56.893Z"
  },
  "updatedAt": {
    "$date": "2023-09-20T17:17:56.893Z"
  }
},
{
  "_id": {
    "$oid": "65d1b0b96c05aa9a79a868b1"
  },
  "img1": "https://photo.teamrabbil.com/images/2023/10/08/7.jpeg",
  "img2": "https://photo.teamrabbil.com/images/2023/10/08/scaled.jpeg",
  "img3": "https://photo.teamrabbil.com/images/2023/10/08/scaled.jpeg",
  "img4": "https://photo.teamrabbil.com/images/2023/10/08/scaled.jpeg",
  "img5": "https://photo.teamrabbil.com/images/2023/10/08/scaled.jpeg",
  "img6": "https://photo.teamrabbil.com/images/2023/10/08/scaled.jpeg",
  "img7": "https://photo.teamrabbil.com/images/2023/10/08/scaled.jpeg",
  "img8": "https://photo.teamrabbil.com/images/2023/10/08/scaled.jpeg",
  "des": "<p>&nbsp;</p>\n<p><strong>Processor</strong></p>\n<table class=\"data-table flex-table\" style=\"height: 133px;\" border=\"0.5\" width=\"554\" cellspacing=\"0\" cellpadding=\"0\">\n<tbody>\n<tr>\n<td class=\"name\" style=\"width: 328.283px;\">Processor Brand</td>\n<td class=\"value\" style=\"width: 225.717px;\">Apple</td>\n</tr>\n<tr>\n<td class=\"name\" style=\"width: 328.283px;\">Processor Model</td>\n<td class=\"value\" style=\"width: 225.717px;\">M1 chip</td>\n</tr>\n<tr>\n<td class=\"name\" style=\"width: 328.283px;\">Processor Frequency</td>\n<td class=\"value\" style=\"width: 225.717px;\">2.06 - 3.8GHz</td>\n</tr>\n<tr>\n<td class=\"name\" style=\"width: 328.283px;\">Processor Core</td>\n<td class=\"value\" style=\"width: 225.717px;\">8</td>\n</tr>\n<tr>\n<td class=\"name\" style=\"width: 328.283px;\">Processor Thread</td>\n<td class=\"value\" style=\"width: 225.717px;\">8</td>\n</tr>\n<tr>\n<td class=\"name\" style=\"width: 328.283px;\">CPU Cache</td>\n<td class=\"value\" style=\"width: 225.717px;\">16 MB</td>\n</tr>\n</tbody>\n</table>\n<p><strong>Display</strong></p>\n<table class=\"data-table flex-table\" style=\"height: 123px;\" border=\"0.5\" width=\"600\" cellspacing=\"0\" cellpadding=\"0\">\n<tbody>\n<tr>\n<td class=\"name\" style=\"width: 130.983px;\">Display Size</td>\n<td class=\"value\" style=\"width: 469.017px;\">13.3-inch</td>\n</tr>\n<tr>\n<td class=\"name\" style=\"width: 130.983px;\">Display Type</td>\n<td class=\"value\" style=\"width: 469.017px;\">Retina display with IPS technology</td>\n</tr>\n<tr>\n<td class=\"name\" style=\"width: 130.983px;\">Display Resolution</td>\n<td class=\"value\" style=\"width: 469.017px;\">2560 X 1600</td>\n</tr>\n<tr>\n<td class=\"name\" style=\"width: 130.983px;\">Touch Screen</td>\n<td class=\"value\" style=\"width: 469.017px;\">No</td>\n</tr>\n<tr>\n<td class=\"name\" style=\"width: 130.983px;\">Display Features</td>\n<td class=\"value\" style=\"width: 469.017px;\">LED-backlit; 227 pixels per inch with support for millions of colors</td>\n</tr>\n</tbody>\n</table>\n<p><strong>Memory</strong></p>\n<table class=\"data-table flex-table\" style=\"height: 59px;\" border=\"0.5\" width=\"391\" cellspacing=\"0\" cellpadding=\"0\">\n<tbody>\n<tr>\n<td class=\"name\" style=\"width: 159.367px;\">RAM</td>\n<td class=\"value\" style=\"width: 231.633px;\">8GB</td>\n</tr>\n<tr>\n<td class=\"name\" style=\"width: 159.367px;\">RAM Type</td>\n<td class=\"value\" style=\"width: 231.633px;\">Unified memory</td>\n</tr>\n<tr>\n<td class=\"name\" style=\"width: 159.367px;\">Removable</td>\n<td class=\"value\" style=\"width: 231.633px;\">No</td>\n</tr>\n</tbody>\n</table>",
  "color": "Red,Black,Blue",
  "size": "13,14,17",
  "productID": {
    "$oid": "654dbf2cabda0c85053c9906"
  },
  "createdAt": {
    "$date": "2023-09-20T17:17:56.893Z"
  },
  "updatedAt": {
    "$date": "2023-09-20T17:17:56.893Z"
  }
},
{
  "_id": {
    "$oid": "65d1b0c06c05aa9a79a868b2"
  },
  "img1": "https://dlcdnwebimgs.asus.com/files/media/5C70957A-1479-4727-A0D0-1A860746F2F4/v5/img/main-banner-17@0.5x.jpg",
  "img2": "https://cdn.shopify.com/s/files/1/0228/7629/1136/files/10133.jpg",
  "img3": "https://blog.mbahsultan.com/wp-content/uploads/2021/11/rog-strix-scar-1024x636.png",
  "img4": "https://www.notebookcheck.net/fileadmin/Notebooks/Asus/Strix_G17_G712L/4zu3_Asus_Strix_G17_G712LWS.jpg",
  "img5": "https://dlcdnwebimgs.asus.com/files/media/5C70957A-1479-4727-A0D0-1A860746F2F4/v5/img/nv-slick-2.png",
  "img6": "https://dlcdnwebimgs.asus.com/files/media/5C70957A-1479-4727-A0D0-1A860746F2F4/v5/img/nv_new01.jpg",
  "img7": "https://dlcdnwebimgs.asus.com/files/media/5C70957A-1479-4727-A0D0-1A860746F2F4/v5/img/rcd-audio-1920.jpg",
  "img8": "https://dlcdnwebimgs.asus.com/files/media/5C70957A-1479-4727-A0D0-1A860746F2F4/v5/img/aura.png",
  "des": "<p><strong>Processor</strong></p> <table class=\"data-table flex-table\" style=\"height: 160px;\" border=\"0.5\" width=\"554\" cellspacing=\"0\" cellpadding=\"0\"> <tbody> <tr> <td class=\"name\" style=\"width: 328.283px;\">Processor Brand</td> <td class=\"value\" style=\"width: 225.717px;\">AMD</td> </tr> <tr> <td class=\"name\" style=\"width: 328.283px;\">Processor Model</td> <td class=\"value\" style=\"width: 225.717px;\">Ryzen 7 6800H</td> </tr> <tr> <td class=\"name\" style=\"width: 328.283px;\">Processor Frequency</td> <td class=\"value\" style=\"width: 225.717px;\">3.2 GHz (up to 4.7 GHz)</td> </tr> <tr> <td class=\"name\" style=\"width: 328.283px;\">Processor Core</td> <td class=\"value\" style=\"width: 225.717px;\">8</td> </tr> <tr> <td class=\"name\" style=\"width: 328.283px;\">Processor Thread</td> <td class=\"value\" style=\"width: 225.717px;\">16</td> </tr> <tr> <td class=\"name\" style=\"width: 328.283px;\">CPU Cache</td> <td class=\"value\" style=\"width: 225.717px;\">20 MB</td> </tr> </tbody> </table> <p><strong>Display</strong></p> <table class=\"data-table flex-table\" style=\"height: 130px;\" border=\"0.5\" width=\"600\" cellspacing=\"0\" cellpadding=\"0\"> <tbody> <tr> <td class=\"name\" style=\"width: 130.983px;\">Display Size</td> <td class=\"value\" style=\"width: 469.017px;\">17.3-inch</td> </tr> <tr> <td class=\"name\" style=\"width: 130.983px;\">Display Type</td> <td class=\"value\" style=\"width: 469.017px;\">IPS-level Anti-glare</td> </tr> <tr> <td class=\"name\" style=\"width: 130.983px;\">Display Resolution</td> <td class=\"value\" style=\"width: 469.017px;\">1920 x 1080</td> </tr> <tr> <td class=\"name\" style=\"width: 130.983px;\">Touch Screen</td> <td class=\"value\" style=\"width: 469.017px;\">No</td> </tr> <tr> <td class=\"name\" style=\"width: 130.983px;\">Display Features</td> <td class=\"value\" style=\"width: 469.017px;\">300Hz refresh rate, 3ms response time, Adaptive-Sync</td> </tr> </tbody> </table> <p><strong>Memory</strong></p> <table class=\"data-table flex-table\" style=\"height: 75px;\" border=\"0.5\" width=\"391\" cellspacing=\"0\" cellpadding=\"0\"> <tbody> <tr> <td class=\"name\" style=\"width: 159.367px;\">RAM</td> <td class=\"value\" style=\"width: 231.633px;\">16GB</td> </tr> <tr> <td class=\"name\" style=\"width: 159.367px;\">RAM Type</td> <td class=\"value\" style=\"width: 231.633px;\">DDR5 4800MHz</td> </tr> <tr> <td class=\"name\" style=\"width: 159.367px;\">Removable</td> <td class=\"value\" style=\"width: 231.633px;\">Yes, upgradable up to 32GB</td> </tr> </tbody> </table> <p><strong>Storage</strong></p> <table class=\"data-table flex-table\" style=\"height: 75px;\" border=\"0.5\" width=\"391\" cellspacing=\"0\" cellpadding=\"0\"> <tbody> <tr> <td class=\"name\" style=\"width: 159.367px;\">Storage Capacity</td> <td class=\"value\" style=\"width: 231.633px;\">1TB</td> </tr> <tr> <td class=\"name\" style=\"width: 159.367px;\">Storage Type</td> <td class=\"value\" style=\"width: 231.633px;\">M.2 NVMe PCIe 4.0 SSD</td> </tr> <tr> <td class=\"name\" style=\"width: 159.367px;\">Expandable</td> <td class=\"value\" style=\"width: 231.633px;\">Yes, via additional M.2 slot</td> </tr> </tbody> </table> <p><strong>Graphics</strong></p> <table class=\"data-table flex-table\" style=\"height: 75px;\" border=\"0.5\" width=\"391\" cellspacing=\"0\" cellpadding=\"0\"> <tbody> <tr> <td class=\"name\" style=\"width: 159.367px;\">Graphics Processor</td> <td class=\"value\" style=\"width: 231.633px;\">NVIDIA GeForce RTX 3060</td> </tr> <tr> <td class=\"name\" style=\"width: 159.367px;\">Graphics Memory</td> <td class=\"value\" style=\"width: 231.633px;\">6GB GDDR6</td> </tr> <tr> <td class=\"name\" style=\"width: 159.367px;\">Graphics Features</td> <td class=\"value\" style=\"width: 231.633px;\">ROG Boost up to 1752MHz at 140W (115W + 25W Dynamic Boost)</td> </tr> </tbody> </table> <p><strong>Operating System</strong></p> <table class=\"data-table flex-table\" style=\"height: 50px;\" border=\"0.5\" width=\"391\" cellspacing=\"0\" cellpadding=\"0\"> <tbody> <tr> <td class=\"name\" style=\"width: 159.367px;\">OS</td> <td class=\"value\" style=\"width: 231.633px;\">Windows 11 Home</td> </tr> </tbody> </table> <p><strong>Connectivity</strong></p> <table class=\"data-table flex-table\" style=\"height: 130px;\" border=\"0.5\" width=\"600\" cellspacing=\"0\" cellpadding=\"0\"> <tbody> <tr> <td class=\"name\" style=\"width: 130.983px;\">Wireless</td> <td class=\"value\" style=\"width: 469.017px;\">Wi-Fi 6E (802.11ax)</td> </tr> <tr> <td class=\"name\" style=\"width: 130.983px;\">Bluetooth</td> <td class=\"value\" style=\"width: 469.017px;\">Bluetooth 5.2</td> </tr> <tr> <td class=\"name\" style=\"width: 130.983px;\">Ports</td> <td class=\"value\" style=\"width: 469.017px;\">1 x USB 3.2 Gen 2 Type-C, 2 x USB 3.2 Gen 1 Type-A, 1 x HDMI 2.0b, 1 x 3.5mm combo audio jack</td> </tr> </tbody> </table> <p><strong>Battery</strong></p> <table class=\"data-table flex-table\" style=\"height: 75px;\" border=\"0.5\" width=\"391\" cellspacing=\"0\" cellpadding=\"0\"> <tbody> <tr> <td class=\"name\" style=\"width: 159.367px;\">Battery Type</td> <td class=\"value\" style=\"width: 231.633px;\">4-cell Li-ion</td> </tr> <tr> <td class=\"name\" style=\"width: 159.367px;\">Battery Capacity</td> <td class=\"value\" style=\"width: 231.633px;\">90Wh</td> </tr> <tr> <td class=\"name\" style=\"width: 159.367px;\">Battery Life</td> <td class=\"value\" style=\"width: 231.633px;\">Up to 8 hours (varies with usage)</td> </tr> </tbody> </table> <p><strong>Audio</strong></p> <table class=\"data-table flex-table\" style=\"height: 75px;\" border=\"0.5\" width=\"391\" cellspacing=\"0\" cellpadding=\"0\"> <tbody> <tr> <td class=\"name\" style=\"width: 159.367px;\">Audio Features</td> <td class=\"value\" style=\"width: 231.633px;\">Smart Amp Technology, Dolby Atmos</td> </tr> <tr> <td class=\"name\" style=\"width: 159.367px;\">Microphones</td> <td class=\"value\" style=\"width: 231.633px;\">Array Microphone with AI Noise Cancelation</td> </tr> <tr> <td class=\"name\" style=\"width: 159.367px;\">Webcam</td> <td class=\"value\" style=\"width: 231.633px;\">No built-in webcam</td> </tr> </tbody> </table> <p><strong>Security</strong></p> <table class=\"data-table flex-table\" style=\"height: 50px;\" border=\"0.5\" width=\"391\" cellspacing=\"0\" cellpadding=\"0\"> <tbody> <tr> <td class=\"name\" style=\"width: 159.367px;\">Security Features</td> <td class=\"value\" style=\"width: 231.633px;\">Firmware TPM (fTPM)</td> </tr> </tbody> </table> <p><strong>Design</strong></p> <table class=\"data-table flex-table\" style=\"height: 100px;\" border=\"0.5\" width=\"391\" cellspacing=\"0\" cellpadding=\"0\"> <tbody> <tr> <td class=\"name\" style=\"width: 159.367px;\">Chassis</td> <td class=\"value\" style=\"width: 231.633px;\">Plastic with Aluminum Lid</td> </tr> <tr> <td class=\"name\" style=\"width: 159.367px;\">Color Options</td> <td class=\"value\" style=\"width: 231.633px;\">Eclipse Gray</td> </tr> <tr> <td class=\"name\" style=\"width: 159.367px;\">Dimensions</td> <td class=\"value\" style=\"width: 231.633px;\">395 x 282 x 24.6 mm</td ::contentReference[oaicite:0]{index=0}",
  "color": "Red,Black,Blue",
  "size": "13,14,17",
  "productID": {
    "$oid": "6836681623dae5f785ac8bb1"
  },
  "createdAt": {
    "$date": "2023-09-20T17:17:56.893Z"
  },
  "updatedAt": {
    "$date": "2023-09-20T17:17:56.893Z"
  }
},
{
  "_id": {
    "$oid": "65d1c1436c05aa9a79a868c3"
  },
  "img1": "https://photo.teamrabbil.com/images/2023/10/08/7.jpeg",
  "img2": "https://photo.teamrabbil.com/images/2023/10/08/scaled.jpeg",
  "img3": "https://photo.teamrabbil.com/images/2023/10/08/scaled.jpeg",
  "img4": "https://photo.teamrabbil.com/images/2023/10/08/scaled.jpeg",
  "img5": "https://photo.teamrabbil.com/images/2023/10/08/scaled.jpeg",
  "img6": "https://photo.teamrabbil.com/images/2023/10/08/scaled.jpeg",
  "img7": "https://photo.teamrabbil.com/images/2023/10/08/scaled.jpeg",
  "img8": "https://photo.teamrabbil.com/images/2023/10/08/scaled.jpeg",
  "des": "<p>&nbsp;</p>\n<p><strong>Processor</strong></p>\n<table class=\"data-table flex-table\" style=\"height: 133px;\" border=\"0.5\" width=\"554\" cellspacing=\"0\" cellpadding=\"0\">\n<tbody>\n<tr>\n<td class=\"name\" style=\"width: 328.283px;\">Processor Brand</td>\n<td class=\"value\" style=\"width: 225.717px;\">Apple</td>\n</tr>\n<tr>\n<td class=\"name\" style=\"width: 328.283px;\">Processor Model</td>\n<td class=\"value\" style=\"width: 225.717px;\">M1 chip</td>\n</tr>\n<tr>\n<td class=\"name\" style=\"width: 328.283px;\">Processor Frequency</td>\n<td class=\"value\" style=\"width: 225.717px;\">2.06 - 3.8GHz</td>\n</tr>\n<tr>\n<td class=\"name\" style=\"width: 328.283px;\">Processor Core</td>\n<td class=\"value\" style=\"width: 225.717px;\">8</td>\n</tr>\n<tr>\n<td class=\"name\" style=\"width: 328.283px;\">Processor Thread</td>\n<td class=\"value\" style=\"width: 225.717px;\">8</td>\n</tr>\n<tr>\n<td class=\"name\" style=\"width: 328.283px;\">CPU Cache</td>\n<td class=\"value\" style=\"width: 225.717px;\">16 MB</td>\n</tr>\n</tbody>\n</table>\n<p><strong>Display</strong></p>\n<table class=\"data-table flex-table\" style=\"height: 123px;\" border=\"0.5\" width=\"600\" cellspacing=\"0\" cellpadding=\"0\">\n<tbody>\n<tr>\n<td class=\"name\" style=\"width: 130.983px;\">Display Size</td>\n<td class=\"value\" style=\"width: 469.017px;\">13.3-inch</td>\n</tr>\n<tr>\n<td class=\"name\" style=\"width: 130.983px;\">Display Type</td>\n<td class=\"value\" style=\"width: 469.017px;\">Retina display with IPS technology</td>\n</tr>\n<tr>\n<td class=\"name\" style=\"width: 130.983px;\">Display Resolution</td>\n<td class=\"value\" style=\"width: 469.017px;\">2560 X 1600</td>\n</tr>\n<tr>\n<td class=\"name\" style=\"width: 130.983px;\">Touch Screen</td>\n<td class=\"value\" style=\"width: 469.017px;\">No</td>\n</tr>\n<tr>\n<td class=\"name\" style=\"width: 130.983px;\">Display Features</td>\n<td class=\"value\" style=\"width: 469.017px;\">LED-backlit; 227 pixels per inch with support for millions of colors</td>\n</tr>\n</tbody>\n</table>\n<p><strong>Memory</strong></p>\n<table class=\"data-table flex-table\" style=\"height: 59px;\" border=\"0.5\" width=\"391\" cellspacing=\"0\" cellpadding=\"0\">\n<tbody>\n<tr>\n<td class=\"name\" style=\"width: 159.367px;\">RAM</td>\n<td class=\"value\" style=\"width: 231.633px;\">8GB</td>\n</tr>\n<tr>\n<td class=\"name\" style=\"width: 159.367px;\">RAM Type</td>\n<td class=\"value\" style=\"width: 231.633px;\">Unified memory</td>\n</tr>\n<tr>\n<td class=\"name\" style=\"width: 159.367px;\">Removable</td>\n<td class=\"value\" style=\"width: 231.633px;\">No</td>\n</tr>\n</tbody>\n</table>",
  "color": "Red,Black,Blue",
  "size": "13,14,17",
  "productID": {
    "$oid": "6836681623dae5f785ac8bb2"
  },
  "createdAt": {
    "$date": "2023-09-20T17:17:56.893Z"
  },
  "updatedAt": {
    "$date": "2023-09-20T17:17:56.893Z"
  }
},
{
  "_id": {
    "$oid": "683a87600ebe35ef84242a87"
  },
  "img1": "https://example.com/img1.jpg",
  "img2": "https://example.com/img2.jpg",
  "img3": "https://example.com/img3.jpg",
  "img4": "https://example.com/img4.jpg",
  "color": "Mint",
  "size": "Free",
  "productID": {
    "$oid": "6836681623dae5f785ac8bb3"
  },
  "des": "Mint green scarf for winter."
},
{
  "_id": {
    "$oid": "683a878a0ebe35ef84242a88"
  },
  "img1": "https://example.com/img1.jpg",
  "img2": "https://example.com/img2.jpg",
  "img3": "https://example.com/img3.jpg",
  "img4": "https://example.com/img4.jpg",
  "color": "Beige",
  "size": "L",
  "productID": {
    "$oid": "6836681623dae5f785ac8bb4"
  },
  "des": "Beige cargo trousers with pockets."
},
{
  "_id": {
    "$oid": "683a87a30ebe35ef84242a89"
  },
  "img1": "https://example.com/img1.jpg",
  "img2": "https://example.com/img2.jpg",
  "img3": "https://example.com/img3.jpg",
  "img4": "https://example.com/img4.jpg",
  "color": "Dark Blue",
  "size": "XL",
  "productID": {
    "$oid": "6836681623dae5f785ac8bb5"
  },
  "des": "Dark blue denim jacket."
},
{
  "_id": {
    "$oid": "683a87b30ebe35ef84242a8a"
  },
  "img1": "https://example.com/img1.jpg",
  "img2": "https://example.com/img2.jpg",
  "img3": "https://example.com/img3.jpg",
  "img4": "https://example.com/img4.jpg",
  "color": "Light Pink",
  "size": "Standard",
  "productID": {
    "$oid": "6836681623dae5f785ac8bb6"
  },
  "des": "Light pink handbag for women."
},
{
  "_id": {
    "$oid": "683a87ce0ebe35ef84242a8b"
  },
  "img1": "https://example.com/img1.jpg",
  "img2": "https://example.com/img2.jpg",
  "img3": "https://example.com/img3.jpg",
  "img4": "https://example.com/img4.jpg",
  "color": "Navy",
  "size": "M",
  "productID": {
    "$oid": "6836681623dae5f785ac8bb7"
  },
  "des": "<p><strong>Processor</strong></p> <table class=\"data-table flex-table\" style=\"height: 160px;\" border=\"0.5\" width=\"554\" cellspacing=\"0\" cellpadding=\"0\"> <tbody> <tr> <td class=\"name\" style=\"width: 328.283px;\">Processor Brand</td> <td class=\"value\" style=\"width: 225.717px;\">Intel</td> </tr> <tr> <td class=\"name\" style=\"width: 328.283px;\">Processor Model</td> <td class=\"value\" style=\"width: 225.717px;\">Core Ultra 7 155H</td> </tr> <tr> <td class=\"name\" style=\"width: 328.283px;\">Processor Frequency</td> <td class=\"value\" style=\"width: 225.717px;\">Up to 4.8 GHz</td> </tr> <tr> <td class=\"name\" style=\"width: 328.283px;\">Processor Core</td> <td class=\"value\" style=\"width: 225.717px;\">16</td> </tr> <tr> <td class=\"name\" style=\"width: 328.283px;\">Processor Thread</td> <td class=\"value\" style=\"width: 225.717px;\">22</td> </tr> <tr> <td class=\"name\" style=\"width: 328.283px;\">CPU Cache</td> <td class=\"value\" style=\"width: 225.717px;\">24 MB</td> </tr> </tbody> </table> <p><strong>Display</strong></p> <table class=\"data-table flex-table\" style=\"height: 130px;\" border=\"0.5\" width=\"600\" cellspacing=\"0\" cellpadding=\"0\"> <tbody> <tr> <td class=\"name\" style=\"width: 130.983px;\">Display Size</td> <td class=\"value\" style=\"width: 469.017px;\">16-inch</td> </tr> <tr> <td class=\"name\" style=\"width: 130.983px;\">Display Type</td> <td class=\"value\" style=\"width: 469.017px;\">2.8K OLED Touchscreen</td> </tr> <tr> <td class=\"name\" style=\"width: 130.983px;\">Display Resolution</td> <td class=\"value\" style=\"width: 469.017px;\">2880 x 1800</td> </tr> <tr> <td class=\"name\" style=\"width: 130.983px;\">Touch Screen</td> <td class=\"value\" style=\"width: 469.017px;\">Yes</td> </tr> <tr> <td class=\"name\" style=\"width: 130.983px;\">Display Features</td> <td class=\"value\" style=\"width: 469.017px;\">OLED panel with vibrant colors and deep blacks</td> </tr> </tbody> </table> <p><strong>Memory</strong></p> <table class=\"data-table flex-table\" style=\"height: 75px;\" border=\"0.5\" width=\"391\" cellspacing=\"0\" cellpadding=\"0\"> <tbody> <tr> <td class=\"name\" style=\"width: 159.367px;\">RAM</td> <td class=\"value\" style=\"width: 231.633px;\">16GB</td> </tr> <tr> <td class=\"name\" style=\"width: 159.367px;\">RAM Type</td> <td class=\"value\" style=\"width: 231.633px;\">LPDDR5</td> </tr> <tr> <td class=\"name\" style=\"width: 159.367px;\">Removable</td> <td class=\"value\" style=\"width: 231.633px;\">No</td> </tr> </tbody> </table>"
},
{
  "_id": {
    "$oid": "684d7b69e1a5991dd4feb141"
  },
  "img1": "https://s7d1.scene7.com/is/image/canon/4147C002_eos-r5-body_primary?fmt=webp-alpha&wid=800",
  "img2": "https://s7d1.scene7.com/is/image/canon/4147C002_eos-r5-body_1?fmt=webp-alpha&wid=800",
  "img3": "https://s7d1.scene7.com/is/image/canon/4147C002_eos-r5-body_3?fmt=webp-alpha&wid=800",
  "img4": "https://s7d1.scene7.com/is/image/canon/4147C002_eos-r5-body_2?fmt=webp-alpha&wid=800",
  "img5": "https://s7d1.scene7.com/is/image/canon/4147C002_eos-r5-body_4?fmt=webp-alpha&wid=800",
  "img6": "https://cusa-prod.usa.canon.com/shop/media/wysiwyg/EOS-Webcam-Logo_119x119.png",
  "img7": "",
  "img8": "",
  "des": "",
  "color": "Red,Black,Blue",
  "size": "13,14,17",
  "productID": {
    "$oid": "684cfaec2f9e89772d56c4cf"
  },
  "createdAt": "2023-09-20T17:17:56.893+00:00",
  "updatedAt": "2023-09-20T17:17:56.893+00:00"
}]