[{
  "_id": {
    "$oid": "6866975440066643bad530db"
  },
  "userID": {
    "$oid": "67fe9154b399c80cbc78822c"
  },
  "payable": 151200,
  "customerDetails": "Name: Rabbil Hasan Joardar, Email: ms2954856@gmail.com, Address: Shekhertek 8,Mohammadpur, Adabor, Dhaka-1207, Phone: 01785388919",
  "shippingDetails": "Name: Rabbil Hasan, City: Dhaka, Address: Shekhertek 8,Mohammadpur, Adabor, Dhaka-1207, Phone: 01785388919",
  "tansectionID": 10003821965,
  "validationID": 0,
  "deliveryStatus": "Pending",
  "paymentStatus": "Success",
  "total": 144000,
  "vat": 7200,
  "createdAt": {
    "$date": "2025-07-03T14:44:36.445Z"
  },
  "updatedAt": {
    "$date": "2025-07-03T14:44:47.335Z"
  }
},
{
  "_id": {
    "$oid": "6866aaacd2f19c1305ecb844"
  },
  "userID": {
    "$oid": "67fe9154b399c80cbc78822c"
  },
  "payable": 588,
  "customerDetails": "Name: Rabbil Hasan Joardar, Email: ms2954856@gmail.com, Address: Shekhertek 8,Mohammadpur, Adabor, Dhaka-1207, Phone: 01785388919",
  "shippingDetails": "Name: Rabbil Hasan, City: Dhaka, Address: Shekhertek 8,Mohammadpur, Adabor, Dhaka-1207, Phone: 01785388919",
  "tansectionID": 16180880970,
  "validationID": 0,
  "deliveryStatus": "Pending",
  "paymentStatus": "Pending",
  "total": 560,
  "vat": 28,
  "createdAt": {
    "$date": "2025-07-03T16:07:08.812Z"
  },
  "updatedAt": {
    "$date": "2025-07-03T16:07:08.812Z"
  }
},
{
  "_id": {
    "$oid": "6866ab2a01ac0111f6808661"
  },
  "userID": {
    "$oid": "67fe9154b399c80cbc78822c"
  },
  "payable": 1102.5,
  "customerDetails": "Name: Rabbil Hasan Joardar, Email: ms2954856@gmail.com, Address: Shekhertek 8,Mohammadpur, Adabor, Dhaka-1207, Phone: 01785388919",
  "shippingDetails": "Name: Rabbil Hasan, City: Dhaka, Address: Shekhertek 8,Mohammadpur, Adabor, Dhaka-1207, Phone: 01785388919",
  "tansectionID": 9401101212,
  "validationID": 0,
  "deliveryStatus": "Pending",
  "paymentStatus": "Success",
  "total": 1050,
  "vat": 52.5,
  "createdAt": {
    "$date": "2025-07-03T16:09:14.984Z"
  },
  "updatedAt": {
    "$date": "2025-07-03T16:09:25.444Z"
  }
},
{
  "_id": {
    "$oid": "686a1c18d315bc36165f211f"
  },
  "userID": {
    "$oid": "67fe9154b399c80cbc78822c"
  },
  "payable": 661.5,
  "customerDetails": "Name: Rabbil Hasan Patoary, Email: ms2954856@gmail.com, Address: Shekhertek 8,Mohammadpur, Adabor, Dhaka-1207, Phone: 01785388919",
  "shippingDetails": "Name: Rabbil Hasan Qadery, City: Dhaka, Address: Shekhertek 8,Mohammadpur, Adabor, Dhaka-1207, Phone: 01785388919",
  "tansectionID": 17671929777,
  "validationID": 0,
  "deliveryStatus": "Pending",
  "paymentStatus": "Success",
  "total": 630,
  "vat": 31.5,
  "createdAt": {
    "$date": "2025-07-06T06:47:52.106Z"
  },
  "updatedAt": {
    "$date": "2025-07-06T06:48:13.631Z"
  }
},
{
  "_id": {
    "$oid": "686a1d5fd315bc36165f2175"
  },
  "userID": {
    "$oid": "67fe9154b399c80cbc78822c"
  },
  "payable": 1029,
  "customerDetails": "Name: Rabbil Hasan Patoary, Email: ms2954856@gmail.com, Address: Shekhertek 8,Mohammadpur, Adabor, Dhaka-1207, Phone: 01785388919",
  "shippingDetails": "Name: Rabbil Hasan Qadery, City: Dhaka, Address: Shekhertek 8,Mohammadpur, Adabor, Dhaka-1207, Phone: 01785388919",
  "tansectionID": 12873767853,
  "validationID": 0,
  "deliveryStatus": "Pending",
  "paymentStatus": "Pending",
  "total": 980,
  "vat": 49,
  "createdAt": {
    "$date": "2025-07-06T06:53:19.127Z"
  },
  "updatedAt": {
    "$date": "2025-07-06T06:53:19.127Z"
  }
}]